key	en	tr	es	de	fr	ja	zh	pt
app_name	NetLurker	NetLurker	NetLurker	NetLurker	NetLurker	NetLurker	NetLurker	NetLurker
action.ai_analyze	AI analyze	AI analiz	Análisis IA	KI-Analyse	Analyse IA	AI分析	AI分析	Análise IA
action.clear_baselines	Clear baselines	Taban çizgilerini sil	Borrar líneas base	Basislinien löschen	Effacer les références	ベースラインを消去	清除基线	Limpar linhas base
action.clear_cache	Clear cache	Önbelleği temizle	Borrar caché	Cache leeren	Vider le cache	キャッシュを消去	清除缓存	Limpar cache
action.close	Close	Kapat	Cerrar	Schließen	Fermer	閉じる	关闭	Fechar
action.compute_hash	Compute SHA-256	SHA-256 hesapla	Calcular SHA-256	SHA-256 berechnen	Calculer SHA-256	SHA-256を計算	计算 SHA-256	Calcular SHA-256
action.export	Export	Dışa aktar	Exportar	Exportieren	Exporter	エクスポート	导出	Exportar
action.grant	Grant	İzin ver	Conceder	Gewähren	Accorder	許可する	授予	Conceder
action.grant_location	Allow location	Konum izni ver	Permitir ubicación	Standort erlauben	Autoriser la localisation	位置情報を許可	允许定位	Permitir localização
action.passive_dns	Passive DNS	Pasif DNS	DNS pasivo	Passives DNS	DNS passif	パッシブDNS	被动DNS	DNS passivo
action.pause	Pause	Duraklat	Pausa	Pause	Pause	一時停止	暂停	Pausar
action.public_ip.off	Hide public IP	Herkese açık IP'yi gizle	Ocultar IP pública	Öffentliche IP verbergen	Masquer l'IP publique	グローバルIPを隠す	隐藏公网IP	Ocultar IP público
action.public_ip.on	Show public IP	Herkese açık IP'yi göster	Mostrar IP pública	Öffentliche IP anzeigen	Afficher l'IP publique	グローバルIPを表示	显示公网IP	Mostrar IP público
action.recheck	Re-check	Yeniden denetle	Revisar erneut	Erneut prüfen	Revérifier	再確認	重新检查	Reverificar
action.refresh	Refresh	Yenile	Actualizar	Aktualisieren	Actualiser	更新	刷新	Atualizar
action.remove	Remove	Kaldır	Quitar	Entfernen	Supprimer	削除	移除	Remover
action.reset_session	Reset session	Oturumu sıfırla	Restablecer sesión	Sitzung zurücksetzen	Réinitialiser la session	セッションをリセット	重置会话	Reiniciar sessão
action.resume	Resume	Devam et	Reanudar	Fortsetzen	Reprendre	再開	继续	Retomar
action.save_cache	Save cache	Önbelleği kaydet	Guardar caché	Cache speichern	Enregistrer le cache	キャッシュを保存	保存缓存	Salvar cache
action.skip	Skip	Atla	Omitir	Überspringen	Ignorer	スキップ	跳过	Ignorar
ai.concern.disabled	These sources are switched off, so their absence is not evidence: {sources}	Bu kaynaklar kapalı; yoklukları kanıt değildir: {sources}	Estas fuentes están desactivadas, su ausencia no es evidencia: {sources}	Diese Quellen sind deaktiviert; ihr Fehlen ist kein Beweis: {sources}	Ces sources sont désactivées, leur absence n'est pas une preuve : {sources}	これらの情報源は無効です。 absenceは証拠ではありません: {sources}	这些信息源已关闭，缺失不代表安全：{sources}	Estas fontes estão desativadas, a ausência não é evidência: {sources}
ai.concern.no_abuse_key	AbuseIPDB was not queried because no API key is set	API anahtarı girilmediği için AbuseIPDB sorgulanmadı	No se consultó AbuseIPDB porque falta la clave API	AbuseIPDB wurde nicht abgefragt, da kein API-Schlüssel gesetzt ist	AbuseIPDB n'a pas été interrogé faute de clé API	APIキー未設定のためAbuseIPDBは未照会	未设置 API 密钥，未查询 AbuseIPDB	AbuseIPDB não foi consultado por falta de chave API
ai.concern.no_virustotal	VirusTotal was not queried because it is switched off or has no key	VirusTotal kapalı veya anahtarsız olduğu için sorgulanmadı	No se consultó VirusTotal por estar desactivado o sin clave	VirusTotal wurde nicht abgefragt (deaktiviert oder ohne Schlüssel)	VirusTotal n'a pas été interrogé (désactivé ou sans clé)	VirusTotalは無効またはキーなしのため未照会	未查询 VirusTotal（已关闭或无密钥）	VirusTotal não foi consultado (desativado ou sem chave)
ai.concern.pending	Still querying: {sources}	Hâlâ sorgulanıyor: {sources}	Aún consultando: {sources}	Noch laufend: {sources}	Requête en cours : {sources}	照会中: {sources}	仍在查询：{sources}	Ainda consultando: {sources}
ai.concerns.none	No additional concern beyond the evidence listed above	Yukarıdaki kanıtlar dışında ek bir endişe yok	Ninguna preocupación adicional más allá de la evidencia listada	Keine weitere Sorge über die genannten Belege hinaus	Aucune inquiétude supplémentaire au-delà des preuves ci-dessus	上記の証拠以外の懸念なし	除上述证据外无其他顾虑	Nenhuma preocupação além das evidências acima
ai.context_line	The following destination was investigated on an Android device. Evaluate it like a security analyst.	Aşağıdaki hedef bir Android cihazında incelendi. Bir güvenlik analisti gibi değerlendirin.	El siguiente destino fue investigado en un dispositivo Android. Evalúelo como analista de seguridad.	Das folgende Ziel wurde auf einem Android-Gerät untersucht. Bewerten Sie es wie ein Sicherheitsanalyst.	La destination suivante a été examinée sur un appareil Android. Évaluez-la comme un analyste de sécurité.	以下の接続先をAndroid端末で調査しました。セキュリティ分析者として評価してください。	以下目标在 Android 设备上被调查，请像安全分析师一样评估。	O destino a seguir foi investigado num dispositivo Android. Avalie-o como analista de segurança.
ai.field.abuseipdb	AbuseIPDB	AbuseIPDB	AbuseIPDB	AbuseIPDB	AbuseIPDB	AbuseIPDB	AbuseIPDB	AbuseIPDB
ai.field.banner	HTTP banner	HTTP banner	Banner HTTP	HTTP-Banner	Bannière HTTP	HTTPバナー	HTTP 横幅	Banner HTTP
ai.field.certificate	TLS certificate	TLS sertifikası	Certificado TLS	TLS-Zertifikat	Certificat TLS	TLS証明書	TLS 证书	Certificado TLS
ai.field.destination	Destination	Hedef	Destino	Ziel	Destination	接続先	目标	Destino
ai.field.dnsbl	DNS blacklist	DNS kara listesi	Lista negra DNS	DNS-Blackliste	Liste noire DNS	DNSブラックリスト	DNS 黑名单	Lista negra DNS
ai.field.geolocation	Geolocation	Konum	Geolocalización	Geolokalisierung	Géolocalisation	地理位置	地理位置	Geolocalização
ai.field.input	Input	Girdi	Entrada	Eingabe	Entrée	入力	输入	Entrada
ai.field.installed_apps	Installed applications	Yüklü uygulamalar	Aplicaciones instaladas	Installierte Anwendungen	Applications installées	インストール済みアプリ	已安装应用	Aplicações instaladas
ai.field.local_reasons	Local risk reasons	Yerel risk nedenleri	Motivos de riesgo locales	Lokale Risikogründe	Motifs de risque locaux	ローカルリスク理由	本地风险原因	Motivos de risco locais
ai.field.local_score	Local risk score	Yerel risk puanı	Puntuación de riesgo local	Lokale Risikobewertung	Score de risque local	ローカルリスクスコア	本地风险评分	Pontuação de risco local
ai.field.ownership	Ownership	Sahiplik	Propiedad	Eigentum	Propriété	所有者	所有权	Propriedade
ai.field.passive_dns	Passive DNS	Pasif DNS	DNS pasivo	Passives DNS	DNS passif	パッシブDNS	被动DNS	DNS passivo
ai.field.reverse_dns	Reverse DNS	Ters DNS	DNS inverso	Reverse-DNS	DNS inverse	逆引きDNS	反向DNS	DNS reverso
ai.field.sources	Sources answered	Yanıt veren kaynaklar	Fuentes que respondieron	Antwortende Quellen	Sources ayant répondu	応答した情報源	已应答来源	Fontes que responderam
ai.field.threat	Threat intelligence	Tehdit istihbaratı	Inteligencia de amenazas	Bedrohungsinformationen	Renseignement sur les menaces	脅威インテリジェンス	威胁情报	Inteligência de ameaças
ai.field.virustotal	VirusTotal	VirusTotal	VirusTotal	VirusTotal	VirusTotal	VirusTotal	VirusTotal	VirusTotal
ai.local_disclaimer	Local rule engine — not a language model. The structure matches the AI report; the content comes from the rules below.	Yerel kural motoru — bir dil modeli değil. Biçim AI raporuyla aynıdır; içerik aşağıdaki kurallardan gelir.	Motor de reglas local — no es un modelo de lenguaje. La estructura coincide con el informe IA; el contenido proviene de las reglas.	Lokale Regel-Engine — kein Sprachmodell. Die Struktur entspricht dem KI-Bericht; der Inhalt stammt aus den Regeln.	Moteur de règles local — pas un modèle de langage. La structure suit celle du rapport IA ; le contenu vient des règles.	ローカルルールエンジン — 言語モデルではありません。構成はAIレポートと同じで、内容は下記のルールから生成されます。	本地规则引擎 — 并非语言模型。结构与 AI 报告一致，内容来自规则。	Motor de regras local — não é um modelo de linguagem. A estrutura segue o relatório de IA; o conteúdo vem das regras.
ai.prompt.intro	You are a network security analyst. Evaluate the evidence below without inventing facts.	Bir ağ güvenliği analistisin. Aşağıdaki kanıtları olgu uydurmadan değerlendir.	Eres un analista de seguridad de red. Evalúa la evidencia sin inventar datos.	Sie sind Netzwerksicherheitsanalyst. Bewerten Sie die Belege, ohne Fakten zu erfinden.	Vous êtes analyste en sécurité réseau. Évaluez les preuves sans inventer de faits.	あなたはネットワークセキュリティ分析者です。事実を捏造せずに下記の証拠を評価してください。	你是网络安全分析师，请在不捏造事实的前提下评估以下证据。	É um analista de segurança de redes. Avalie as evidências sem inventar factos.
ai.prompt.language	Answer language	Yanıt dili	Idioma de respuesta	Antwortsprache	Langue de réponse	回答言語	回答语言	Idioma da resposta
ai.prompt.questions	Questions:	Sorular:	Preguntas:	Fragen:	Questions :	質問:	问题：	Perguntas:
ai.prompt.rules	Answer concisely, in bullet points. Do not invent facts; state clearly where you are unsure.	Kısa ve madde madde yanıtla. Olgu uydurma; emin olmadığın yerleri açıkça belirt.	Responda de forma concisa y en viñetas. No invente datos; indique dónde no está seguro.	Antworten Sie knapp in Stichpunkten. Erfinden Sie nichts; nennen Sie Unsicherheiten klar.	Répondez brièvement, par points. N'inventez rien ; signalez clairement vos incertitudes.	箇条書きで簡潔に回答してください。事実を捏造せず、不確実な点は明記してください。	请简明扼要地以要点回答，不要捏造事实，并明确指出不确定之处。	Responda de forma concisa, em tópicos. Não invente factos; indique claramente as dúvidas.
ai.prompt.structure	Answer in EXACTLY this structure (keep the headers): VERDICT / CONFIDENCE / WHY / CONCERNS / RECOMMENDATION / STEPS	TAM OLARAK şu yapıda yanıtla (başlıkları koru): KARAR / GÜVEN / NEDEN / ENDİŞELER / ÖNERİ / ADIMLAR	Responda EXACTAMENTE con esta estructura (mantenga los encabezados): VEREDICTO / CONFIANZA / POR QUÉ / PREOCUPACIONES / RECOMENDACIÓN / PASOS	Antworten Sie GENAU in dieser Struktur (Überschriften beibehalten): URTEIL / SICHERHEIT / GRUND / BEDENKEN / EMPFEHLUNG / SCHRITTE	Répondez EXACTEMENT dans cette structure (gardez les en-têtes) : VERDICT / CONFIANCE / POURQUOI / PRÉOCCUPATIONS / RECOMMANDATION / ÉTAPES	正確にこの構成で回答してください（見出しを維持）: 判定 / 確信度 / 理由 / 懸念 / 推奨 / 手順	请严格按此结构回答（保留标题）：判定 / 置信度 / 原因 / 顾虑 / 建议 / 步骤	Responda EXATAMENTE nesta estrutura (mantenha os títulos): VEREDITO / CONFIANÇA / PORQUÊ / PREOCUPAÇÕES / RECOMENDAÇÃO / PASSOS
ai.recommend.block	Block this destination and review the application that reached it	Bu hedefi engelle ve ona erişen uygulamayı incele	Bloquee este destino y revise la aplicación que lo contactó	Dieses Ziel blockieren und die zugreifende Anwendung prüfen	Bloquer cette destination et examiner l'application concernée	この接続先をブロックし、接続したアプリを確認してください	阻止此目标并检查访问它的应用	Bloqueie este destino e reveja a aplicação que o contactou
ai.recommend.investigate	Investigate further before allowing it	Diğer kanıtları toplamadan izin verme	Investigue más antes de permitirlo	Weitere Prüfung vor der Freigabe	Examiner davantage avant d'autoriser	許可する前にさらに調査してください	在允许之前进一步调查	Investigue mais antes de permitir
ai.recommend.monitor	Keep monitoring; nothing here justifies action	İzlemeye devam et; müdahale gerektiren bir şey yok	Siga monitoreando; nada justifica acción	Weiter beobachten; kein Handlungsbedarf	Continuer la surveillance ; aucune action justifiée	監視を継続。対応は不要	继续观察；无需处理	Continue a monitorizar; nada justifica ação
ai.recommend.none	No action needed	Eylem gerekmiyor	No se requiere acción	Keine Aktion erforderlich	Aucune action requise	対応不要	无需操作	Nenhuma ação necessária
ai.records	records	kayıt	registros	Einträge	enregistrements	件	条记录	registos
ai.remote_failed	The configured AI endpoint did not answer ({error}); the local rule engine answered instead.	Yapılandırılan AI uç noktası yanıt vermedi ({error}); bunun yerine yerel kural motoru yanıtladı.	El endpoint de IA configurado no respondió ({error}); respondió el motor de reglas local.	Der konfigurierte KI-Endpunkt antwortete nicht ({error}); stattdessen antwortete die lokale Regel-Engine.	Le point d'entrée IA configuré n'a pas répondu ({error}) ; le moteur de règles local a répondu à la place.	設定されたAIエンドポイントが応答しません ({error})。代わりにローカルルールエンジンが回答しました。	配置的 AI 端点未响应（{error}）；改由本地规则引擎回答。	O endpoint de IA configurado não respondeu ({error}); o motor de regras local respondeu.
ai.reports	reports	şikayet	reportes	Meldungen	signalements	報告	举报	reportes
ai.section.concerns	CONCERNS	ENDİŞELER	PREOCUPACIONES	BEDENKEN	PRÉOCCUPATIONS	懸念	顾虑	PREOCUPAÇÕES
ai.section.confidence	CONFIDENCE	GÜVEN	CONFIANZA	SICHERHEIT	CONFIANCE	確信度	置信度	CONFIANÇA
ai.section.recommendation	RECOMMENDATION	ÖNERİ	RECOMENDACIÓN	EMFEHLUNG	RECOMMANDATION	推奨	建议	RECOMENDAÇÃO
ai.section.steps	STEPS	ADIMLAR	PASOS	SCHRITTE	ÉTAPES	手順	步骤	PASSOS
ai.section.verdict	VERDICT	KARAR	VEREDICTO	URTEIL	VERDICT	判定	判定	VEREDITO
ai.section.why	WHY	NEDEN	POR QUÉ	GRUND	POURQUOI	理由	原因	PORQUÊ
ai.step.abuse_contact	Contact the abuse address from the ownership record	Sahiplik kaydındaki kötüye kullanım adresine yaz	Contacte la dirección de abuso del registro de propiedad	Kontaktieren Sie die Abuse-Adresse aus dem Eigentumsdatensatz	Contactez l'adresse abuse du registre de propriété	所有権記録のabuse連絡先に連絡してください	联系所有权记录中的滥用举报邮箱	Contacte o endereço de abuso do registo de propriedade
ai.step.abuseipdb	Open the address on AbuseIPDB and read the reports	Adresi AbuseIPDB'de aç ve şikayetleri oku	Abra la dirección en AbuseIPDB y lea los reportes	Öffnen Sie die Adresse auf AbuseIPDB und lesen Sie die Meldungen	Ouvrez l'adresse sur AbuseIPDB et lisez les signalements	AbuseIPDBでアドレスを開き報告を確認	在 AbuseIPDB 打开该地址并阅读举报	Abra o endereço no AbuseIPDB e leia os relatórios
ai.step.block	Block the destination on your router or firewall	Hedefi yönlendirici veya güvenlik duvarında engelle	Bloquee el destino en su router o cortafuegos	Blockieren Sie das Ziel am Router oder der Firewall	Bloquez la destination sur votre routeur ou pare-feu	ルーターまたはファイアウォールで接続先をブロック	在路由器或防火墙上阻止该目标	Bloqueie o destino no router ou firewall
ai.step.cert_expired	Treat the connection as insecure: the certificate is no longer valid	Bağlantıyı güvensiz say: sertifika artık geçerli değil	Trate la conexión como insegura: el certificado ya no es válido	Behandeln Sie die Verbindung als unsicher: Das Zertifikat ist abgelaufen	Traitez la connexion comme non sécurisée : le certificat a expiré	証明書が失効しているため接続を安全でないものとして扱う	证书已过期，应视为不安全连接	A ligação é insegura: o certificado já não é válido
ai.step.keep_monitoring	Keep the baseline running so a later deviation is measurable	Taban çizgisi çalışmaya devam etsin ki sonraki sapma ölçülebilsin	Mantenga la línea base activa para medir desviaciones futuras	Lassen Sie die Basislinie laufen, um spätere Abweichungen zu messen	Laissez la référence active pour mesurer une dérive ultérieure	後の逸脱を測定できるようベースラインを維持	保持基线运行，以便日后度量偏离	Mantenha a linha base ativa para medir desvios futuros
ai.step.recheck	Re-run the checks in a few minutes: some sources answer slowly	Denetimleri birkaç dakika sonra yinele: bazı kaynaklar geç yanıt verir	Repita las comprobaciones en unos minutos: algunas fuentes responden lento	Wiederholen Sie die Prüfung nach einigen Minuten	Relancez les vérifications dans quelques minutes	数分後に再確認してください（応答が遅い情報源があります）	几分钟后重新检查（部分来源响应较慢）	Repita as verificações em alguns minutos
ai.step.virustotal	Open the address on VirusTotal	Adresi VirusTotal'da aç	Abra la dirección en VirusTotal	Öffnen Sie die Adresse auf VirusTotal	Ouvrez l'adresse sur VirusTotal	VirusTotalでアドレスを開く	在 VirusTotal 打开该地址	Abra o endereço no VirusTotal
ai.system_role	You are a concise network security analyst. You only state what the evidence supports.	Özlü bir ağ güvenliği analistisin. Yalnızca kanıtların desteklediğini yazarsın.	Eres un analista de seguridad conciso. Solo afirmas lo que la evidencia respalda.	Sie sind ein prägnanter Sicherheitsanalyst und nennen nur, was die Belege stützen.	Vous êtes un analyste concis et n'affirmez que ce que les preuves étayent.	簡潔なセキュリティ分析者です。証拠が支持する内容のみを述べます。	你是简明的安全分析师，只陈述证据支持的内容。	É um analista conciso e afirma apenas o que as evidências sustentam.
ai.verdict.danger	This destination shows multiple strong indicators of abuse	Bu hedef kötüye kullanıma dair birden çok güçlü gösterge taşıyor	Este destino muestra varios indicadores fuertes de abuso	Dieses Ziel zeigt mehrere starke Missbrauchsindikatoren	Cette destination présente plusieurs indicateurs forts d'abus	この接続先には悪用の強い兆候が複数あります	此目标存在多项明显的滥用指标	Este destino apresenta vários indicadores fortes de abuso
ai.verdict.info	Nothing conclusive, but at least one weak indicator deserves a look	Kesin bir şey yok, ancak en az bir zayıf gösterge incelemeye değer	Nada concluyente, pero al menos un indicador débil merece revisión	Nichts Eindeutiges, aber ein schwacher Indikator verdient Prüfung	Rien de concluant, mais un indicateur faible mérite examen	決定的ではありませんが、弱い兆候が少なくとも一つあります	无定论，但少なくとも有一项弱指标值得关注	Nada conclusivo, mas um indicador fraco merece atenção
ai.verdict.safe	The available sources report nothing suspicious for this destination	Mevcut kaynaklar bu hedef için şüpheli bir şey bildirmiyor	Las fuentes disponibles no reportan nada sospechoso	Die verfügbaren Quellen melden nichts Verdächtiges	Les sources disponibles ne signalent rien de suspect	利用可能な情報源に不審な報告はありません	现有来源未报告可疑情况	As fontes disponíveis não reportam nada suspeito
ai.verdict.warn	At least one notable indicator; verify before trusting	En az bir dikkat çekici gösterge; güvenmeden önce doğrula	Al menos un indicador notable; verifique antes de confier	Mindestens ein beachtlicher Indikator; vor Vertrauen prüfen	Au moins un indicateur notable ; vérifiez avant de faire confiance	注目すべき兆候が少なくとも一つあります。信頼する前に確認を	少なくとも有一项值得注意的指标，信任前请核实	Pelo menos um indicador relevante; verifique antes de confiar
ai.why.no_findings	No rule fired on the collected evidence	Toplanan kanıtlarda hiçbir kural tetiklenmedi	Ninguna regla se activó con la evidencia recopilada	Keine Regel griff bei den gesammelten Belegen	Aucune règle ne s'est déclenchée sur les preuves recueillies	収集した証拠でルールは発火しませんでした	已收集的证据未触发任何规则	Nenhuma regra foi acionada pelas evidências
ai.why.no_sources	No source answered, so nothing could be verified	Hiçbir kaynak yanıt vermedi, bu yüzden hiçbir şey doğrulanamadı	Ninguna fuente respondió, nada pudo verificarse	Keine Quelle antwortete, nichts konnte geprüft werden	Aucune source n'a répondu, rien n'a pu être vérifié	情報源が応答せず検証できませんでした	没有来源应答，无法验证	Nenhuma fonte respondeu, nada pôde ser verificado
ai.why.sources_clean	Answered sources with no adverse finding	Yanıt veren kaynaklarda olumsuz bulgu yok	Fuentes que respondieron sin hallazgos adversos	Antwortende Quellen ohne Befund	Sources ayant répondu sans élément défavorable	応答した情報源に有害な所見なし	已应答来源无不利发现	Fontes que responderam sem achados adversos
anomalies.baseline	baseline	taban çizgisi	línea base	Basislinie	référence	ベースライン	基线	linha base
anomalies.none	No anomaly detected in this session yet	Bu oturumda henüz anomali tespit edilmedi	Aún no se detectó ninguna anomalía en esta sesión	In dieser Sitzung wurde noch keine Anomalie erkannt	Aucune anomalie détectée pendant cette session	このセッションでは異常は検出されていません	本次会话尚未检测到异常	Ainda não foi detetada nenhuma anomalia nesta sessão
anomalies.warmup	The detector speaks after {samples} samples per subject; before that it has no baseline to compare against.	Dedektör özne başına {samples} örnekten sonra konuşur; öncesinde karşılaştıracağı taban çizgisi yoktur.	El detector opina tras {samples} muestras por sujeto; antes no tiene línea base.	Der Detektor meldet sich nach {samples} Messwerten pro Subjekt; vorher fehlt die Basislinie.	Le détecteur se prononce après {samples} échantillons par sujet ; avant, aucune référence.	検出器は対象ごとに{samples}サンプル後に判定します。それ以前は比較基準がありません。	检测器在每个主体 {samples} 个样本后才判定，此前没有基线可比。	O detetor pronuncia-se após {samples} amostras por sujeito; antes não tem linha base.
app.type.system	System application	Sistem uygulaması	Aplicación del sistema	Systemanwendung	Application système	システムアプリ	系统应用	Aplicação do sistema
app.type.user	User application	Kullanıcı uygulaması	Aplicación de usuario	Benutzeranwendung	Application utilisateur	ユーザーアプリ	用户应用	Aplicação do utilizador
apps.empty.detail	No application matches the current search and filter	Geçerli arama ve filtreyle eşleşen uygulama yok	Ninguna aplicación coincide con la búsqueda y el filtro	Keine Anwendung entspricht Suche und Filter	Aucune application ne correspond à la recherche	検索・フィルタに一致するアプリがありません	没有应用符合当前搜索和筛选	Nenhuma aplicação corresponde à pesquisa
apps.empty.title	Nothing here	Burada bir şey yok	Nada aquí	Nichts hier	Rien ici	何もありません	暂无内容	Nada aqui
apps.search	Search by name or package…	Ad veya pakete göre ara…	Buscar por nombre o paquete…	Nach Name oder Paket suchen…	Rechercher par nom ou paquet…	名前またはパッケージで検索…	按名称或包名搜索…	Pesquisar por nome ou pacote…
cellular.unavailable	No telephony radio on this device	Bu cihazda telefon radyosu yok	Este dispositivo no tiene radio de telefonía	Dieses Gerät hat kein Telefoniefunkmodul	Cet appareil n'a pas de radio téléphonique	この端末に電話機能はありません	此设备没有电话无线电	Este dispositivo não tem rádio de telefonia
cert.clean	Valid, publicly issued, name matches	Geçerli, kamuya açık CA'dan, ad eşleşiyor	Válido, emitido por CA pública, el nombre coincide	Gültig, öffentlich ausgestellt, Name passt	Valide, émis publiquement, nom conforme	有効・公的CA発行・名称一致	有效，由公共 CA 签发，名称匹配	Válido, emitido publicamente, nome corresponde
cert.expired	expired	süresi dolmuş	expirado	abgelaufen	expiré	期限切れ	已过期	expirado
cert.name_mismatch	name mismatch	ad uyuşmazlığı	discrepancia de nombre	Namenskonflikt	non-concordance du nom	名称不一致	名称不匹配	discordância de nome
cert.not_yet_valid	not yet valid	henüz geçerli değil	aún no válido	noch nicht gültig	pas encore valide	まだ有効でない	尚未生效	ainda não válido
cert.self_signed	self-signed	kendinden imzalı	autofirmado	selbstsigniert	auto-signé	自己署名	自签名	autoassinado
col.app	Application	Uygulama	Aplicación	Anwendung	Application	アプリ	应用	Aplicação
col.baseline	Baseline	Taban çizgisi	Línea base	Basislinie	Référence	ベースライン	基线	Linha base
col.current	Current	Şu an	Actual	Aktuell	Actuel	現在	当前	Atual
col.destination	Destination	Hedef	Destino	Ziel	Destination	接続先	目标	Destino
col.evidence	Evidence	Kanıt	Evidencia	Belege	Preuves	証拠	证据	Evidência
col.geo	Country	Ülke	País	Land	Pays	国	国家	País
col.org	Organisation	Kuruluş	Organización	Organisation	Organisation	組織	组织	Organização
col.risk	Risk	Risk	Riesgo	Risiko	Risque	リスク	风险	Risco
col.signer	Signer	İmzalayan	Firmante	Aussteller	Signataire	署名者	签名者	Signatário
col.total	Total	Toplam	Total	Summe	Total	合計	总计	Total
counters.since_boot	since boot	açılıştan beri	desde el arranque	seit dem Start	depuis le démarrage	起動以来	自开机以来	desde o arranque
export.anomalies	Anomalies	Anomaliler	Anomalías	Anomalien	Anomalies	異常	异常	Anomalias
export.applications	Applications	Uygulamalar	Aplicaciones	Anwendungen	Applications	アプリ	应用	Aplicações
export.destinations	Destinations	Hedefler	Destinos	Ziele	Destinations	接続先	目标	Destinos
export.device	Device	Cihaz	Dispositivo	Gerät	Appareil	端末	设备	Dispositivo
export.dialog.detail	Choose where to save the file. NetLurker cannot write anywhere else and asks for no storage permission.	Dosyanın kaydedileceği yeri seçin. NetLurker başka hiçbir yere yazamaz ve depolama izni istemez.	Elija dónde guardar el archivo. NetLurker no puede escribir en otro lugar y no pide permisos de almacenamiento.	Wählen Sie den Speicherort. NetLurker kann nirgendwo sonst schreiben und fordert keine Speicherberechtigung an.	Choisissez l'emplacement. NetLurker ne peut écrire nulle part ailleurs et ne demande aucune permission de stockage.	保存先を選択してください。NetLurkerは他の場所に書き込めず、ストレージ権限も要求しません。	选择保存位置。NetLurker 无法写入其他位置，也不申请存储权限。	Escolha onde guardar. O NetLurker não escreve noutro local e não pede permissão de armazenamento.
export.dialog.title	Export report	Raporu dışa aktar	Exportar informe	Bericht exportieren	Exporter le rapport	レポートをエクスポート	导出报告	Exportar relatório
export.done	Report saved	Rapor kaydedildi	Informe guardado	Bericht gespeichert	Rapport enregistré	レポートを保存しました	报告已保存	Relatório guardado
export.failed	Could not write the file	Dosya yazılamadı	No se pudo escribir el archivo	Datei konnte nicht geschrieben werden	Impossible d'écrire le fichier	ファイルを書き込めませんでした	无法写入文件	Não foi possível gravar o ficheiro
export.generated	Generated	Oluşturulma	Generado	Erstellt	Généré	生成日時	生成时间	Gerado
export.kpis	Key figures	Ana göstergeler	Indicadores clave	Kennzahlen	Indicateurs clés	主要指標	关键指标	Indicadores-chave
export.no_anomalies	No anomaly was recorded in this session.	Bu oturumda anomali kaydedilmedi.	No se registró ninguna anomalía en esta sesión.	In dieser Sitzung wurde keine Anomalie aufgezeichnet.	Aucune anomalie enregistrée pendant cette session.	このセッションで異常は記録されていません。	本次会话未记录异常。	Nenhuma anomalia registada nesta sessão.
export.privacy	NetLurker processes network data on this device only: no telemetry, no analytics, no account.	NetLurker ağ verilerini yalnızca bu cihazda işler: telemetri yok, analitik yok, hesap yok.	NetLurker procesa los datos de red solo en este dispositivo: sin telemetría, sin analítica, sin cuenta.	NetLurker verarbeitet Netzwerkdaten nur auf diesem Gerät: keine Telemetrie, keine Analyse, kein Konto.	NetLurker traite les données réseau uniquement sur cet appareil : aucune télémétrie, aucune analyse, aucun compte.	NetLurkerはネットワークデータをこの端末内でのみ処理します。テレメトリ・分析・アカウントはありません。	NetLurker 仅在本机处理网络数据：无遥测、无分析、无账户。	O NetLurker processa dados de rede apenas neste dispositivo: sem telemetria, sem analítica, sem conta.
export.session	Session	Oturum	Sesión	Sitzung	Session	セッション	会话	Sessão
export.title	NetLurker security report	NetLurker güvenlik raporu	Informe de seguridad NetLurker	NetLurker Sicherheitsbericht	Rapport de sécurité NetLurker	NetLurker セキュリティレポート	NetLurker 安全报告	Relatório de segurança NetLurker
field.abuse_contact	Abuse contact	Kötüye kullanım iletişimi	Contacto de abuso	Abuse-Kontakt	Contact abuse	abuse連絡先	滥用举报联系人	Contacto de abuso
field.abuseipdb	AbuseIPDB	AbuseIPDB	AbuseIPDB	AbuseIPDB	AbuseIPDB	AbuseIPDB	AbuseIPDB	AbuseIPDB
field.abuseipdb.no_key	not queried — no API key	sorgulanmadı — API anahtarı yok	no consultado — sin clave API	nicht abgefragt — kein API-Schlüssel	non interrogé — pas de clé API	未照会 — APIキーなし	未查询 — 无 API 密钥	não consultado — sem chave API
field.addresses	Addresses	Adresler	Direcciones	Adressen	Adresses	アドレス	地址	Endereços
field.android	Android	Android	Android	Android	Android	Android	Android	Android
field.apk_hash	APK SHA-256	APK SHA-256	SHA-256 del APK	APK-SHA-256	SHA-256 de l'APK	APK SHA-256	APK SHA-256	SHA-256 do APK
field.apk_hash.pending	not computed yet	henüz hesaplanmadı	aún no calculado	noch nicht berechnet	pas encore calculé	未計算	尚未计算	ainda não calculado
field.apk_path	APK path	APK yolu	Ruta del APK	APK-Pfad	Chemin de l'APK	APKパス	APK 路径	Caminho do APK
field.asn	ASN	ASN	ASN	ASN	ASN	ASN	ASN	ASN
field.band	Band	Bant	Banda	Band	Bande	バンド	频段	Banda
field.baselines	Baselines	Taban çizgileri	Líneas base	Basislinien	Références	ベースライン	基线	Linhas base
field.bssid	BSSID	BSSID	BSSID	BSSID	BSSID	BSSID	BSSID	BSSID
field.captive_portal	Captive portal	Yönlendiren portal	Portal cautivo	Captive Portal	Portail captif	キャプティブポータル	强制门户	Portal cativo
field.cidr	Block	CIDR bloğu	Bloque CIDR	CIDR-Block	Bloc CIDR	CIDRブロック	CIDR 块	Bloco CIDR
field.country	Country	Ülke	País	Land	Pays	国	国家	País
field.dns	DNS servers	DNS sunucuları	Servidores DNS	DNS-Server	Serveurs DNS	DNSサーバ	DNS 服务器	Servidores DNS
field.dnsbl	DNS blacklist	DNS kara listesi	Lista negra DNS	DNS-Blackliste	Liste noire DNS	DNSブラックリスト	DNS 黑名单	Lista negra DNS
field.dnsbl.clean	not listed in any of the 5 zones	5 bölgenin hiçbirinde listelenmemiş	no aparece en ninguna de las 5 zonas	in keiner der 5 Zonen gelistet	absent des 5 zones	5ゾーンのいずれにも未掲載	未列于 5 个区域中的任何一个	não consta em nenhuma das 5 zonas
field.eol	End-of-life version	Süresi dolmuş sürüm	Versión obsoleta	Version am Ende des Lebenszyklus	Version en fin de vie	サポート終了バージョン	已停止支持版本	Versão em fim de vida
field.findings	Findings	Bulgular	Hallazgos	Befunde	Constats	所見	发现	Achados
field.fingerprint	SHA-256 fingerprint	SHA-256 parmak izi	Huella SHA-256	SHA-256-Fingerabdruck	Empreinte SHA-256	SHA-256フィンガープリント	SHA-256 指纹	Impressão digital SHA-256
field.flags	Flags	İşaretler	Indicadores	Markierungen	Indicateurs	フラグ	标记	Marcadores
field.frequency	Frequency	Frekans	Frecuencia	Frequenz	Fréquence	周波数	频率	Frequência
field.gateway	Gateway	Ağ geçidi	Puerta de enlace	Gateway	Passerelle	ゲートウェイ	网关	Gateway
field.input	Input	Girdi	Entrada	Eingabe	Entrée	入力	输入	Entrada
field.installed	Installed	Yüklendi	Instalada	Installiert	Installée	インストール日	安装时间	Instalada
field.installer	Installed by	Yükleyen	Instalada por	Installiert von	Installée par	インストーラ	安装来源	Instalada por
field.installer.unknown	installer of record unavailable	kaynak yükleyici bilgisi yok	instalador no disponible	Installationsquelle unbekannt	source d'installation indisponible	インストーラ情報なし	安装来源不可用	instalador indisponível
field.ip	IP address	IP adresi	Dirección IP	IP-Adresse	Adresse IP	IPアドレス	IP 地址	Endereço IP
field.issuer	Issuer	Yayımlayan	Emisor	Aussteller	Émetteur	発行者	颁发者	Emissor
field.latency	Response time	Yanıt süresi	Tiempo de respuesta	Antwortzeit	Temps de réponse	応答時間	响应时间	Tempo de resposta
field.link_speed	Link speed	Bağlantı hızı	Velocidad del enlace	Verbindungsrate	Débit de liaison	リンク速度	链路速度	Velocidade da ligação
field.location	Location	Konum	Ubicación	Ort	Lieu	場所	位置	Localização
field.metered	Metered connection	Ücretli bağlantı	Conexión de uso medido	Getaktete Verbindung	Connexion facturée	従量制接続	计费连接	Ligação medida
field.model	Model	Model	Modelo	Modell	Modèle	機種	型号	Modelo
field.mtu	MTU	MTU	MTU	MTU	MTU	MTU	MTU	MTU
field.network_type	Network type	Şebeke türü	Tipo de red	Netztyp	Type de réseau	ネットワーク種別	网络类型	Tipo de rede
field.note	Note	Not	Nota	Hinweis	Note	注記	备注	Nota
field.operator	Operator	Operatör	Operador	Betreiber	Opérateur	キャリア	运营商	Operador
field.org	Organisation	Kuruluş	Organización	Organisation	Organisation	組織	组织	Organização
field.ownership	Ownership	Sahiplik	Propiedad	Eigentum	Propriété	所有者	所有权	Propriedade
field.passive_dns	Passive DNS	Pasif DNS	DNS pasivo	Passives DNS	DNS passif	パッシブDNS	被动DNS	DNS passivo
field.permissions	Requested permissions	İstenen izinler	Permisos solicitados	Angeforderte Berechtigungen	Permissions demandées	要求権限	申请的权限	Permissões pedidas
field.permissions.count	{count} permissions	{count} izin	{count} permisos	{count} Berechtigungen	{count} permissions	権限 {count} 件	{count} 项权限	{count} permissões
field.permissions.sensitive	Sensitive	Sensitive	Sensibles	Sensibel	Sensibles	機微	敏感	Sensíveis
field.public_ip	Public egress IP	Herkese açık çıkış IP	IP pública de salida	Öffentliche Ausgangs-IP	IP publique de sortie	グローバルIP	公网出口 IP	IP público de saída
field.registered	Registered	Kayıt tarihi	Registrado	Registriert	Enregistré	登録日	注册日期	Registado
field.reports	reports	şikayet	reportes	Meldungen	signalements	報告	举报	reportes
field.reputation	reputation	itibar	reputación	Reputation	réputation	評価	信誉	reputação
field.resolved	Resolved	Çözümlendi	Resuelto	Aufgelöst	Résolu	解決结果	解析结果	Resolvido
field.reverse_dns	Reverse DNS	Ters DNS	DNS inverso	Reverse-DNS	DNS inverse	逆引きDNS	反向DNS	DNS reverso
field.roaming	Roaming	Dolaşım	Itinerancia	Roaming	Itinérance	ローミング	漫游	 roaming
field.routes	Routes	Yönlendirmeler	Rutas	Routen	Routes	ルート	路由	Rotas
field.search_domains	Search domains	Arama alan adları	Dominios de búsqueda	Suchdomänen	Domaines de recherche	検索ドメイン	搜索域	Domínios de pesquisa
field.security_patch	Security patch	Güvenlik yaması	Parche de seguridad	Sicherheitspatch	Correctif de sécurité	セキュリティパッチ	安全补丁	Patch de segurança
field.server	Server	Sunucu	Servidor	Server	Serveur	サーバ	服务器	Servidor
field.service	Service	Servis	Servicio	Dienst	Service	サービス	服务	Serviço
field.service.unknown	no known service	bilinen servis değil	servicio desconocido	kein bekannter Dienst	service inconnu	既知のサービスなし	未知服务	serviço desconhecido
field.session_down	Session download	Oturum indirmesi	Descarga de la sesión	Sitzungs-Download	Téléchargement de la session	セッション受信	会话下载	Download da sessão
field.session_up	Session upload	Oturum yüklemesi	Subida de la sesión	Sitzungs-Upload	Envoi de la session	セッション送信	会话上传	Upload da sessão
field.signal	Signal	Sinyal	Señal	Signal	Signal	信号強度	信号	Signal
field.signer	Signing certificate	İmza sertifikası	Certificado de firma	Signierzertifikat	Certificat de signature	署名証明書	签名证书	Certificado de assinatura
field.signer.unavailable	not readable	okunamıyor	no se puede leer	nicht lesbar	illisible	読み取れません	不可读取	ilegível
field.signer_hash	Certificate SHA-256	Sertifika SHA-256	SHA-256 del certificado	Zertifikats-SHA-256	SHA-256 du certificat	証明書SHA-256	证书 SHA-256	SHA-256 do certificado
field.signer_issuer	Certificate issuer	Sertifika yayımlayıcısı	Emisor del certificado	Zertifikatsaussteller	Émetteur du certificat	証明書発行者	证书颁发者	Emissor do certificado
field.sources	Sources	Yanıt veren kaynaklar	Fuentes	Quellen	Sources	情報源	来源	Fontes
field.ssid	SSID	SSID	SSID	SSID	SSID	SSID	SSID	SSID
field.status_line	Status line	Durum satırı	Línea de estado	Statuszeile	Ligne de statut	ステータスライン	状态行	Linha de estado
field.subject	Subject	Konu	Sujeto	Betreff	Sujet	サブジェクト	主体	Assunto
field.target_sdk	Target SDK	Hedef SDK	SDK objetivo	Ziel-SDK	SDK cible	ターゲットSDK	目标 SDK	SDK alvo
field.tls	TLS session	TLS oturumu	Sesión TLS	TLS-Sitzung	Session TLS	TLSセッション	TLS 会话	Sessão TLS
field.total_down	Total download	Toplam indirme	Descarga total	Gesamt-Download	Téléchargement total	総受信	总下载	Download total
field.total_up	Total upload	Toplam yükleme	Subida total	Gesamt-Upload	Envoi total	総送信	总上传	Upload total
field.transport	Transport	Taşıyıcı	Transporte	Transport	Transport	トランスポート	传输	Transporte
field.type	Type	Tür	Tipo	Typ	Type	種別	类型	Tipo
field.uid	UID	UID	UID	UID	UID	UID	UID	UID
field.updated	Updated	Güncellendi	Actualizada	Aktualisiert	Mise à jour	更新日	更新时间	Atualizada
field.uptime	Uptime	Çalışma süresi	Tiempo activo	Betriebszeit	Temps de fonctionnement	稼働時間	运行时间	Tempo ativo
field.validated	Internet validated	İnternet doğrulandı	Internet validado	Internet geprüft	Internet validé	インターネット検証済み	互联网已验证	Internet validado
field.validity	Validity	Geçerlilik	Validez	Gültigkeit	Validité	有効期間	有效期	Validade
field.version	Version	Sürüm	Versión	Version	Version	バージョン	版本	Versão
field.virustotal	VirusTotal	VirusTotal	VirusTotal	VirusTotal	VirusTotal	VirusTotal	VirusTotal	VirusTotal
field.vpn	VPN	VPN	VPN	VPN	VPN	VPN	VPN	VPN
filter.active	Active	Etkin	Activas	Aktiv	Actives	アクティブ	活跃	Ativas
filter.all	All	Tümü	Todas	Alle	Toutes	すべて	全部	Todas
filter.system	System	Sistem	Sistema	System	Système	システム	系统	Sistema
filter.user	User	Kullanıcı	Usuario	Benutzer	Utilisateur	ユーザー	用户	Utilizador
flag.datacenter	datacenter	veri merkezi	centro de datos	Rechenzentrum	centre de données	データセンター	数据中心	centro de dados
flag.mobile	mobile network	mobil şebeke	red móvil	Mobilfunknetz	réseau mobile	モバイル回線	移动网络	rede móvel
flag.none	none	yok	ninguno	keine	aucun	なし	无	nenhum
flag.proxy	proxy / VPN	proxy / VPN	proxy / VPN	Proxy / VPN	proxy / VPN	プロキシ / VPN	代理 / VPN	proxy / VPN
graph.download	download	indirme	descarga	Download	téléchargement	受信	下载	download
graph.no_edges	Android does not tell an unrooted app which application opened which socket, so NetLurker draws no application ↔ destination edges here.	Android, root'suz bir uygulamaya hangi uygulamanın hangi soketi açtığını söylemez; bu yüzden NetLurker burada uygulama ↔ hedef çizgisi çizmez.	Android no dice a una app sin root qué aplicación abrió cada socket, así que NetLurker no dibuja aristas aplicación ↔ destino.	Android teilt einer App ohne Root nicht mit, welche Anwendung welchen Socket öffnete; NetLurker zeichnet daher keine Kanten Anwendung ↔ Ziel.	Android n'indique pas à une application sans root quelle application a ouvert quel socket ; NetLurker ne dessine donc aucune arête application ↔ destination.	Androidはrootなしのアプリにどのアプリがどのソケットを開いたか教えないため、アプリ↔接続先のエッジは描画しません。	Android 不会告知无 root 应用哪个应用打开了哪个套接字，因此此处不绘制应用↔目标连线。	O Android não diz a uma app sem root que aplicação abriu cada socket, pelo que o NetLurker não desenha arestas aplicação ↔ destino.
graph.peak	peak {value}	tepe değer {value}	pico {value}	Spitzenwert {value}	pic {value}	ピーク {value}	峰值 {value}	pico {value}
graph.upload	upload	yükleme	subida	Upload	envoi	送信	上传	upload
graph.what_is_shown	What is shown instead: how much each application moved, and where the investigated destinations are. Its two charts come from real counters and real lookups.	Bunun yerine gösterilen: her uygulamanın ne kadar veri taşıdığı ve incelenen hedeflerin nerede olduğu. İki grafik gerçek sayaçlardan ve gerçek sorgulardan gelir.	En su lugar se muestra: cuánto movió cada aplicación y dónde están los destinos investigados. Ambos gráficos provienen de contadores y consultas reales.	Stattdessen: wie viel jede Anwendung bewegt hat und wo die untersuchten Ziele liegen. Beide Diagramme stammen aus echten Zählern und Abfragen.	À la place : le volume déplacé par chaque application et la localisation des destinations examinées. Les deux graphiques proviennent de compteurs et de requêtes réels.	代わりに表示するのは各アプリの通信量と調査済み接続先の所在地です。両方のグラフは実際のカウンタと照会結果に基づきます。	替代展示的是：每个应用的数据量，以及已调查目标的位置。两个图表均来自真实计数器和真实查询。	Em vez disso mostra: quanto cada aplicação moveu e onde estão os destinos investigados. Ambos os gráficos vêm de contadores e consultas reais.
history.no_traffic_yet	No application traffic has been measured yet.	Henüz uygulama trafiği ölçülmedi.	Aún no se ha medido tráfico de aplicaciones.	Es wurde noch kein Anwendungsdatenverkehr gemessen.	Aucun trafic applicatif mesuré pour l'instant.	アプリ通信はまだ測定されていません。	尚未测量到应用流量。	Ainda não foi medido tráfego de aplicações.
history.window	last 2 minutes	son 2 dakika	últimos 2 minutos	letzte 2 Minuten	2 dernières minutes	直近2分	最近 2 分钟	últimos 2 minutos
interfaces.no_address	no address	adres yok	sin dirección	keine Adresse	aucune adresse	アドレスなし	无地址	sem endereço
interfaces.none	The framework reported no network interface.	Çerçeve hiçbir ağ arabirimi bildirmedi.	El sistema no reportó ninguna interfaz de red.	Das Framework meldete keine Netzwerkschnittstelle.	Le système n'a signalé aucune interface réseau.	ネットワークインターフェースが報告されませんでした。	框架未报告任何网络接口。	O sistema não reportou nenhuma interface de rede.
investigate.add	Add	Ekle	Añadir	Hinzufügen	Ajouter	追加	添加	Adicionar
investigate.empty.detail	Add an address, a hostname or host:port to investigate. Everything shown comes from a real lookup; nothing is generated locally.	İncelemek için bir adres, ana makine adı veya host:port ekleyin. Gösterilen her şey gerçek bir sorgudan gelir; hiçbir şey yerel olarak üretilmez.	Añada una dirección, un nombre o host:puerto para investigar. Todo proviene de consultas reales; nada se genera localmente.	Fügen Sie eine Adresse, einen Hostnamen oder Host:Port hinzu. Alles stammt aus echten Abfragen; nichts wird lokal erzeugt.	Ajoutez une adresse, un nom d'hôte ou hôte:port. Tout provient de requêtes réelles ; rien n'est généré localement.	調査するアドレス、ホスト名、または host:port を追加してください。表示内容はすべて実際の照会結果で、ローカル生成はありません。	添加要调查的地址、主机名或 host:port。所有内容均来自真实查询，绝不本地生成。	Adicione um endereço, um nome ou host:porta. Tudo provém de consultas reais; nada é gerado localmente.
investigate.empty.title	Nothing investigated yet	Henüz bir şey incelenmedi	Nada investigado aún	Noch nichts untersucht	Rien d'examiné pour l'instant	まだ調査されていません	尚未调查任何目标	Ainda nada investigado
investigate.hint	On this device NetLurker cannot list the sockets of other applications — Android blocks that without root. This tab investigates what you give it and never invents a connection.	Bu cihazda NetLurker diğer uygulamaların soketlerini listeleyemez — Android root olmadan bunu engeller. Bu sekme yalnızca sizin verdiğinizi inceler ve asla bağlantı uydurmaz.	En este dispositivo NetLurker no puede listar los sockets de otras aplicaciones: Android lo bloquea sin root. Esta pestaña investiga lo que usted indique y nunca inventa una conexión.	Auf diesem Gerät kann NetLurker die Sockets anderer Anwendungen nicht auflisten — Android blockiert das ohne Root. Dieser Tab untersucht nur, was Sie angeben, und erfindet nie eine Verbindung.	Sur cet appareil NetLurker ne peut pas lister les sockets des autres applications — Android le bloque sans root. Cet onglet examine ce que vous indiquez et n'invente jamais de connexion.	この端末ではNetLurkerは他アプリのソケットを一覧できません（rootなしではAndroidが拒否）。このタブは指定された対象のみを調査し、接続を捏造しません。	在此设备上 NetLurker 无法列出其他应用的套接字——无 root 时 Android 会阻止。此标签仅调查你指定的目标，绝不虚构连接。	Neste dispositivo o NetLurker não lista os sockets de outras aplicações — o Android bloqueia sem root. Este separador investiga o que indicar e nunca inventa ligações.
investigate.placeholder	IP or hostname[:port]	IP veya ana makine[:port]	IP o nombre[:puerto]	IP oder Hostname[:Port]	IP ou nom d'hôte[:port]	IPまたはホスト名[:ポート]	IP 或主机名[:端口]	IP ou nome[:porta]
kpi.active_now	active now	şu an etkin	activas ahora	jetzt aktiv	actives maintenant	現在アクティブ	当前活跃	ativas agora
kpi.active_apps	Active applications	Etkin uygulamalar	Aplicaciones activas	Aktive Anwendungen	Applications actives	アクティブなアプリ	活跃应用	Aplicações ativas
kpi.anomalies	Anomalies	Anomaliler	Anomalías	Anomalien	Anomalies	異常	异常	Anomalias
kpi.apps	Applications	Uygulamalar	Aplicaciones	Anwendungen	Applications	アプリ	应用	Aplicações
kpi.baselines	Baselines	Taban çizgileri	Líneas base	Basislinien	Références	ベースライン	基线	Linhas base
kpi.destinations	Destinations	Hedefler	Destinos	Ziele	Destinations	接続先	目标	Destinos
kpi.download	Download	İndirme	Descarga	Download	Téléchargement	受信	下载	Download
kpi.session	Session	Oturum	Sesión	Sitzung	Session	セッション	会话	Sessão
kpi.suspicious	suspicious	şüpheli	sospechosos	verdächtig	suspects	不審	可疑	suspeitos
kpi.uptime	Uptime	Çalışma süresi	Tiempo activo	Betriebszeit	Temps de fonctionnement	稼働時間	运行时间	Tempo ativo
kpi.upload	Upload	Yükleme	Subida	Upload	Envoi	送信	上传	Upload
link.none	No active network reported by the framework.	Çerçeve etkin bir ağ bildirmedi.	El sistema no reporta ninguna red activa.	Vom Framework wurde kein aktives Netzwerk gemeldet.	Aucun réseau actif signalé par le système.	アクティブなネットワークが報告されていません。	框架未报告活动网络。	O sistema não reportou nenhuma rede ativa.
permission.body	Android only reveals the name of the Wi-Fi network to apps that hold the location permission. NetLurker uses it for that one field and nothing else. Denying it leaves the SSID hidden; every other panel keeps working.	Android, Wi-Fi ağının adını yalnızca konum iznine sahip uygulamalara gösterir. NetLurker bunu yalnızca bu alan için kullanır. Reddederseniz SSID gizli kalır; diğer tüm paneller çalışmaya devam eder.	Android solo revela el nombre de la red Wi-Fi a las apps con permiso de ubicación. NetLurker lo usa solo para ese campo. Si lo deniega, el SSID queda oculto; el resto sigue funcionando.	Android zeigt den WLAN-Namen nur Apps mit Standortberechtigung. NetLurker nutzt sie nur für dieses Feld. Ohne sie bleibt die SSID verborgen; alles andere funktioniert weiter.	Android ne révèle le nom du réseau Wi-Fi qu'aux applications disposant de la permission de localisation. NetLurker ne l'utilise que pour ce champ. Sans elle, le SSID reste masqué ; tout le reste fonctionne.	Androidは位置情報権限を持つアプリにのみWi-Fi名を開示します。NetLurkerはこの項目にのみ使用します。拒否してもSSIDが非表示になるだけで、他は動作します。	Android 仅向拥有位置权限的应用显示 Wi-Fi 名称。NetLurker 仅用于该字段。拒绝后 SSID 保持隐藏，其他功能不受影响。	O Android só revela o nome da rede Wi-Fi a apps com permissão de localização. O NetLurker usa-a apenas para esse campo. Se recusar, o SSID fica oculto; o resto continua a funcionar.
permission.title	One permission, one field	Bir izin, bir alan	Un permiso, un campo	Eine Berechtigung, ein Feld	Une permission, un champ	1つの権限、1つの項目	一个权限，一个字段	Uma permissão, um campo
privacy.body	Network data is processed on this device. There is no telemetry, no analytics, no advertising and no account. External services are queried only for the addresses you investigate, and only the services you switch on.	Ağ verileri bu cihazda işlenir. Telemetri, analitik, reklam ve hesap yoktur. Harici hizmetler yalnızca incelediğiniz adresler için ve yalnızca açtığınız hizmetler için sorgulanır.	Los datos de red se procesan en este dispositivo. Sin telemetría, analítica, publicidad ni cuenta. Los servicios externos solo se consultan para las direcciones que usted investiga y solo los que active.	Netzwerkdaten werden auf diesem Gerät verarbeitet. Keine Telemetrie, keine Analyse, keine Werbung, kein Konto. Externe Dienste werden nur für die von Ihnen untersuchten Adressen und nur bei Aktivierung abgefragt.	Les données réseau sont traitées sur cet appareil. Aucune télémétrie, analyse, publicité ni compte. Les services externes ne sont interrogés que pour les adresses que vous examinez, et seulement s'ils sont activés.	ネットワークデータはこの端末で処理されます。テレメトリ・分析・広告・アカウントはありません。外部サービスは調査対象のアドレスに対して、有効化したものだけ照会されます。	网络数据仅在本机处理。无遥测、无分析、无广告、无账户。仅对你调查的地址、且仅对已启用的服务发起查询。	Os dados de rede são processados neste dispositivo. Sem telemetria, analítica, publicidade ou conta. Os serviços externos só são consultados para os endereços que investigar e apenas se os ativar.
public_ip.disabled	turned off	kapalı	desactivado	deaktiviert	désactivé	オフ	已关闭	desativado
report.title	Analysis report	Analiz raporu	Informe de análisis	Analysebericht	Rapport d'analyse	分析レポート	分析报告	Relatório de análise
section.ai	AI assistant	AI asistanı	Asistente IA	KI-Assistent	Assistant IA	AIアシスタント	AI 助手	Assistente de IA
section.anomalies	Anomalies	Anomaliler	Anomalías	Anomalien	Anomalies	異常	异常	Anomalias
section.banner	HTTP banner	HTTP banner	Banner HTTP	HTTP-Banner	Bannière HTTP	HTTPバナー	HTTP 横幅	Banner HTTP
section.cache	Lookup cache	Sorgu önbelleği	Caché de consultas	Abfrage-Cache	Cache de requêtes	照会キャッシュ	查询缓存	Cache de consultas
section.cellular	Cellular	Mobil şebeke	Red móvil	Mobilfunk	Réseau mobile	モバイル回線	移动网络	Rede móvel
section.certificate	TLS certificate	TLS sertifikası	Certificado TLS	TLS-Zertifikat	Certificat TLS	TLS証明書	TLS 证书	Certificado TLS
section.device	Device	Cihaz	Dispositivo	Gerät	Appareil	端末	设备	Dispositivo
section.geolocation	Geolocation	Konum	Geolocalización	Geolokalisierung	Géolocalisation	地理位置	地理位置	Geolocalização
section.graph	Network graph	Ağ grafiği	Grafo de red	Netzdiagramm	Graphe réseau	ネットワークグラフ	网络图	Grafo de rede
section.interfaces	Interfaces	Arabirimler	Interfaces	Schnittstellen	Interfaces	インターフェース	接口	Interfaces
section.keys	API keys	API anahtarları	Claves API	API-Schlüssel	Clés API	APIキー	API 密钥	Chaves API
section.link	Active network	Etkin ağ	Red activa	Aktives Netzwerk	Réseau actif	アクティブなネットワーク	活动网络	Rede ativa
section.most_risky	Highest risk	En yüksek risk	Mayor riesgo	Höchstes Risiko	Risque le plus élevé	リスク上位	风险最高	Maior risco
section.privacy	Privacy	Gizlilik	Privacidad	Datenschutz	Confidentialité	プライバシー	隐私	Privacidade
section.rate_history	Throughput	Verim	Débito	Durchsatz	Débit	スループット	吞吐量	Débito
section.refresh	Sampling	Örnekleme	Muestreo	Abtastintervall	Échantillonnage	サンプリング	采样	Amostragem
section.risk_distribution	Risk distribution	Risk dağılımı	Distribución de riesgo	Risikoverteilung	Répartition du risque	リスク分布	风险分布	Distribuição de risco
section.session_counters	Session counters	Oturum sayaçları	Contadores de sesión	Sitzungszähler	Compteurs de session	セッションカウンタ	会话计数器	Contadores da sessão
section.sources	External sources	Harici kaynaklar	Fuentes externas	Externe Quellen	Sources externes	外部情報源	外部来源	Fontes externas
section.threat	Threat intelligence	Tehdit istihbaratı	Inteligencia de amenazas	Bedrohungsinformationen	Renseignement sur les menaces	脅威インテリジェンス	威胁情报	Inteligência de ameaças
section.top_apps	Top applications	En çok kullanan uygulamalar	Aplicaciones principales	Top-Anwendungen	Applications principales	上位アプリ	流量最高应用	Aplicações principais
section.top_countries	Countries	Ülkeler	Países	Länder	Pays	国	国家	Países
section.top_organisations	Organisations	Kuruluşlar	Organizaciones	Organisationen	Organisations	組織	组织	Organizações
section.top_talkers	Top talkers	En çok konuşanlar	Mayor tráfico	Top-Talkers	Plus gros débits	上位通信アプリ	流量最高	Maiores conversadores
section.verdict	Verdict	Karar	Veredicto	Urteil	Verdict	判定	判定	Veredito
section.wifi	Wi-Fi	Wi-Fi	Wi-Fi	WLAN	Wi-Fi	Wi-Fi	Wi-Fi	Wi-Fi
settings.abuse_key	AbuseIPDB key	AbuseIPDB anahtarı	Clave de AbuseIPDB	AbuseIPDB-Schlüssel	Clé AbuseIPDB	AbuseIPDBキー	AbuseIPDB 密钥	Chave AbuseIPDB
settings.ai.detail	With a key the evidence is sent to this endpoint and the model's answer is shown. Without a key the local rule engine answers and says so.	Anahtar girilirse kanıtlar bu uç noktaya gönderilir ve modelin yanıtı gösterilir. Anahtar yoksa yerel kural motoru yanıt verir ve bunu belirtir.	Con clave, la evidencia se envía a este endpoint y se muestra la respuesta del modelo. Sin clave responde el motor local y lo indica.	Mit Schlüssel werden die Belege an diesen Endpunkt gesendet und die Antwort des Modells angezeigt. Ohne Schlüssel antwortet die lokale Engine und sagt das.	Avec une clé, les preuves sont envoyées à ce point d'entrée et la réponse du modèle s'affiche. Sans clé, le moteur local répond et le signale.	キーがあれば証拠がこのエンドポイントに送信されモデルの回答が表示されます。なければローカルルールエンジンが回答しその旨を示します。	设置密钥后，证据将发送至该端点并显示模型回答；未设置时由本地规则引擎回答并明确说明。	Com chave, as evidências são enviadas para este endpoint e a resposta do modelo é mostrada. Sem chave, o motor local responde e indica-o.
settings.ai.endpoint	Endpoint	Uç nokta	Endpoint	Endpunkt	Point d'entrée	エンドポイント	端点	Endpoint
settings.ai.key	API key	API anahtarı	Clave API	API-Schlüssel	Clé API	APIキー	API 密钥	Chave API
settings.ai.local	No key set: the local rule engine writes the reports.	Anahtar yok: raporları yerel kural motoru yazar.	Sin clave: el motor local escribe los informes.	Kein Schlüssel: die lokale Engine schreibt die Berichte.	Pas de clé : le moteur local rédige les rapports.	キー未設定: ローカルルールエンジンがレポートを作成します。	未设置密钥：由本地规则引擎撰写报告。	Sem chave: o motor local escreve os relatórios.
settings.ai.model	Model	Model	Modelo	Modell	Modèle	モデル	模型	Modelo
settings.ai.ready	Key set: reports come from the configured model.	Anahtar girildi: raporlar yapılandırılmış modelden gelir.	Clave configurada: los informes vienen del modelo configurado.	Schlüssel gesetzt: Berichte stammen vom konfigurierten Modell.	Clé définie : les rapports proviennent du modèle configuré.	キー設定済み: レポートは設定済みモデルから取得します。	已设置密钥：报告来自所配置的模型。	Chave definida: os relatórios vêm do modelo configurado.
settings.banner	HTTP banner probe	HTTP banner sondası	Sondeo de banner HTTP	HTTP-Banner-Prüfung	Sonde de bannière HTTP	HTTPバナー調査	HTTP 横幅探测	Sonda de banner HTTP
settings.banner.detail	One HEAD request to the target; reads the status line and Server header.	Hedefe tek bir HEAD isteği; durum satırını ve Server başlığını okur.	Una petición HEAD al destino; lee la línea de estado y la cabecera Server.	Ein HEAD-Request an das Ziel; liest Statuszeile und Server-Header.	Une requête HEAD vers la cible ; lit la ligne de statut et l'en-tête Server.	対象へHEAD要求を1回送信し、ステータスラインとServerヘッダを読みます。	向目标发送一次 HEAD 请求，读取状态行和 Server 头。	Um pedido HEAD ao destino; lê a linha de estado e o cabeçalho Server.
settings.cache.detail	Only successful answers are cached, with the time they were fetched. Failures are never stored, so a network problem cannot become a permanent verdict.	Yalnızca başarılı yanıtlar, alındıkları zamanla birlikte önbelleğe alınır. Başarısızlıklar asla saklanmaz; böylece bir ağ sorunu kalıcı bir karara dönüşemez.	Solo se almacenan las respuestas correctas, con su hora. Los fallos nunca se guardan, así un problema de red no se convierte en un veredicto permanente.	Nur erfolgreiche Antworten werden mit Zeitstempel gespeichert. Fehler werden nie gespeichert, damit ein Netzwerkproblem kein dauerhaftes Urteil wird.	Seules les réponses réussies sont mises en cache, avec leur horodatage. Les échecs ne sont jamais stockés : un problème réseau ne devient pas un verdict permanent.	成功した回答のみ取得時刻付きで保存されます。失敗は保存されないため、通信障害が恒久的な判定になることはありません。	仅缓存成功应答及其获取时间。失败从不存储，网络问题不会变成永久结论。	Apenas respostas bem-sucedidas são guardadas, com a hora. As falhas nunca são guardadas, para que um problema de rede não vire veredicto permanente.
settings.geo	IP geolocation (ip-api.com)	IP konumu (ip-api.com)	Geolocalización IP (ip-api.com)	IP-Geolokalisierung (ip-api.com)	Géolocalisation IP (ip-api.com)	IP地理位置 (ip-api.com)	IP 地理位置（ip-api.com）	Geolocalização IP (ip-api.com)
settings.geo.detail	Sends only the IP addresses you investigate. The free tier is plain HTTP.	Yalnızca incelediğiniz IP adreslerini gönderir. Ücretsiz katman düz HTTP'dir.	Envía solo las direcciones IP que investiga. El nivel gratuito es HTTP plano.	Sendet nur die untersuchten IP-Adressen. Die Gratisstufe ist normales HTTP.	N'envoie que les adresses IP examinées. L'offre gratuite est en HTTP simple.	調査対象のIPアドレスのみ送信します。無料枠は平文HTTPです。	仅发送你调查的 IP 地址。免费接口为明文 HTTP。	Envia apenas os endereços IP investigados. O nível gratuito é HTTP simples.
settings.key.optional	optional — leave empty to skip	isteğe bağlı — atlamak için boş bırakın	opcional — déjelo vacío para omitir	optional — leer lassen zum Überspringen	facultatif — laissez vide pour ignorer	任意 — 空欄で省略	可选 — 留空即跳过	opcional — deixe vazio para ignorar
settings.notify	Anomaly notifications	Anomali bildirimleri	Notificaciones de anomalías	Anomalie-Benachrichtigungen	Notifications d'anomalies	異常通知	异常通知	Notificações de anomalias
settings.notify.detail	Notify when an application moves far above its own baseline. Without the notification permission the alert still appears in the app.	Bir uygulama kendi taban çizgisinin çok üzerine çıktığında bildir. Bildirim izni olmasa da uyarı uygulama içinde görünür.	Avise cuando una aplicación supera mucho su propia línea base. Sin permiso, la alerta sigue apareciendo en la app.	Benachrichtigt, wenn eine Anwendung weit über ihrer Basislinie liegt. Ohne Berechtigung erscheint die Warnung weiterhin in der App.	Avertit lorsqu'une application dépasse largement sa référence. Sans permission, l'alerte s'affiche quand même dans l'application.	アプリが自身のベースラインを大きく超えると通知します。権限がなくてもアプリ内に警告は表示されます。	当某应用远超自身基线时通知。即使没有通知权限，应用内仍会显示告警。	Avisa quando uma aplicação excede muito a sua linha base. Sem permissão, o alerta continua a aparecer na app.
settings.public_ip	Show public egress IP	Herkese açık çıkış IP'sini göster	Mostrar IP pública de salida	Öffentliche Ausgangs-IP anzeigen	Afficher l'IP publique de sortie	グローバルIPを表示	显示公网出口 IP	Mostrar IP público de saída
settings.public_ip.detail	The only lookup that reveals this device's own address to a third party. Off by default.	Bu cihazın kendi adresini üçüncü tarafa açıklayan tek sorgu. Varsayılan olarak kapalı.	La única consulta que revela la dirección de este dispositivo a un tercero. Desactivada por defecto.	Die einzige Abfrage, die die Adresse dieses Geräts einem Dritten offenlegt. Standardmäßig aus.	La seule requête qui révèle l'adresse de cet appareil à un tiers. Désactivée par défaut.	この端末自身のアドレスを第三者に明かす唯一の照会です。既定ではオフ。	唯一会向第三方暴露本机地址的查询。默认关闭。	A única consulta que revela o endereço deste dispositivo a terceiros. Desativada por padrão.
settings.rdap	RDAP ownership	RDAP sahipliği	Propiedad RDAP	RDAP-Eigentum	Propriété RDAP	RDAP所有者	RDAP 所有权	Propriedade RDAP
settings.rdap.detail	Who owns the address block and where to send an abuse report, via rdap.org.	Adres bloğunun sahibi ve kötüye kullanım bildirim adresi, rdap.org üzerinden.	Quién posee el bloque y dónde reportar abuso, vía rdap.org.	Wem der Adressbereich gehört und wohin Missbrauch zu melden ist, über rdap.org.	Qui possède le bloc et où signaler un abus, via rdap.org.	アドレスブロックの所有者とabuse連絡先をrdap.org経由で取得。	通过 rdap.org 查询地址块所有者及滥用举报方式。	Quem detém o bloco e para onde reportar abuso, via rdap.org.
settings.refresh	Poll every {ms} ms	Her {ms} ms'de bir yokla	Sondear cada {ms} ms	Alle {ms} ms abfragen	Sonder toutes les {ms} ms	{ms} msごとに取得	每 {ms} 毫秒轮询	Sondar a cada {ms} ms
settings.threat	Threat intelligence	Tehdit istihbaratı	Inteligencia de amenazas	Bedrohungsinformationen	Renseignement sur les menaces	脅威インテリジェンス	威胁情报	Inteligência de ameaças
settings.threat.detail	5 DNS blacklists, CIRCL passive DNS, and AbuseIPDB when you provide a key.	5 DNS kara listesi, CIRCL pasif DNS ve anahtar girerseniz AbuseIPDB.	5 listas negras DNS, DNS pasivo CIRCL y AbuseIPDB si aporta clave.	5 DNS-Blacklists, passives CIRCL-DNS und AbuseIPDB mit eigenem Schlüssel.	5 listes noires DNS, DNS passif CIRCL et AbuseIPDB si vous fournissez une clé.	5つのDNSブラックリスト、CIRCLパッシブDNS、キーがあればAbuseIPDB。	5 个 DNS 黑名单、CIRCL 被动 DNS，以及在你提供密钥时的 AbuseIPDB。	5 listas negras DNS, DNS passivo CIRCL e AbuseIPDB se fornecer chave.
settings.title	Settings	Ayarlar	Ajustes	Einstellungen	Paramètres	設定	设置	Definições
settings.tls	TLS certificate inspection	TLS sertifika denetimi	Inspección del certificado TLS	TLS-Zertifikatsprüfung	Inspection du certificat TLS	TLS証明書検査	TLS 证书检查	Inspeção do certificado TLS
settings.tls.detail	A single handshake to the target to read the chain: self-signed, expired, name mismatch.	Hedefe tek bir el sıkışma ile zinciri okur: kendinden imzalı, süresi dolmuş, ad uyuşmazlığı.	Un solo handshake al destino para leer la cadena: autofirmado, expirado, discrepancia.	Ein Handshake zum Ziel, um die Kette zu lesen: selbstsigniert, abgelaufen, Namenskonflikt.	Une seule poignée de main vers la cible pour lire la chaîne : auto-signé, expiré, non-concordance.	対象と1回ハンドシェイクしチェーンを読みます: 自己署名・失効・名称不一致。	与目标进行一次握手以读取证书链：自签名、过期、名称不匹配。	Um único handshake com o destino para ler a cadeia: autoassinado, expirado, discordância.
settings.vt	VirusTotal	VirusTotal	VirusTotal	VirusTotal	VirusTotal	VirusTotal	VirusTotal	VirusTotal
settings.vt.detail	Only queried when you enter your own key; NetLurker never ships a shared one.	Yalnızca kendi anahtarınızı girerseniz sorgulanır; NetLurker asla ortak anahtar içermez.	Solo se consulta si introduce su propia clave; NetLurker nunca incluye una compartida.	Nur mit eigenem Schlüssel; NetLurker liefert nie einen gemeinsamen.	Interrogé uniquement avec votre propre clé ; NetLurker n'en fournit jamais.	自分のキーを入力した場合のみ照会します。共有キーは同梱しません。	仅在你输入自己的密钥时查询；NetLurker 从不内置共享密钥。	Apenas consultado com a sua própria chave; o NetLurker nunca inclui uma partilhada.
settings.vt_key	VirusTotal key	VirusTotal anahtarı	Clave de VirusTotal	VirusTotal-Schlüssel	Clé VirusTotal	VirusTotalキー	VirusTotal 密钥	Chave VirusTotal
sort.name	Name	Ad	Nombre	Name	Nom	名前	名称	Nome
sort.rate	Rate	Hız	Tasa	Rate	Débit	速度	速率	Débito
sort.traffic	Traffic	Trafik	Tráfico	Datenverkehr	Trafic	通信量	流量	Tráfego
status.disabled	turned off	kapalı	desactivado	deaktiviert	désactivé	オフ	已关闭	desativado
status.failed	lookup failed	sorgu başarısız	consulta fallida	Abfrage fehlgeschlagen	échec de la requête	照会失敗	查询失败	falha na consulta
status.idle	not started	başlatılmadı	sin iniciar	nicht gestartet	pas démarré	未開始	未开始	não iniciado
status.offline	offline	çevrimdışı	sin conexión	offline	hors ligne	オフライン	离线	sem ligação
status.ok	answer available	yanıt mevcut	respuesta disponible	Antwort verfügbar	réponse disponible	回答あり	有结果	resposta disponível
status.querying	querying…	sorgulanıyor…	consultando…	Abfrage läuft…	requête en cours…	照会中…	正在查询…	a consultar…
status.unavailable	not available on this device	bu cihazda kullanılamıyor	no disponible en este dispositivo	auf diesem Gerät nicht verfügbar	indisponible sur cet appareil	この端末では利用不可	此设备不可用	indisponível neste dispositivo
summary.no_data	Nothing to chart yet.	Gösterilecek veri yok.	Aún no hay datos para graficar.	Noch nichts darzustellen.	Rien à tracer pour l'instant.	表示するデータがありません。	暂无可绘制的数据。	Ainda não há dados para graficar.
summary.no_destinations	No destination has been investigated in this session.	Bu oturumda hiçbir hedef incelenmedi.	No se ha investigado ningún destino en esta sesión.	In dieser Sitzung wurde kein Ziel untersucht.	Aucune destination examinée pendant cette session.	このセッションで調査した接続先はありません。	本次会话尚未调查任何目标。	Nenhum destino foi investigado nesta sessão.
summary.no_geo	No geolocation answer yet — investigate a destination first.	Henüz konum yanıtı yok — önce bir hedef inceleyin.	Aún no hay geolocalización: investigue primero un destino.	Noch keine Geolokalisierung — untersuchen Sie zuerst ein Ziel.	Pas encore de géolocalisation — examinez d'abord une destination.	地理情報はまだありません。まず接続先を調査してください。	尚无地理位置结果——请先调查一个目标。	Ainda sem geolocalização — investigue primeiro um destino.
summary.no_orgs	No ownership answer yet.	Henüz sahiplik yanıtı yok.	Aún no hay datos de propiedad.	Noch keine Eigentumsdaten.	Pas encore de données de propriété.	所有者情報はまだありません。	尚无所有权信息。	Ainda sem dados de propriedade.
traffic.unsupported	TrafficStats is not supported on this device, so per-application counters are unavailable. NetLurker shows no invented numbers.	TrafficStats bu cihazda desteklenmiyor, bu yüzden uygulama başına sayaçlar kullanılamıyor. NetLurker uydurma sayı göstermez.	TrafficStats no es compatible con este dispositivo, así que no hay contadores por aplicación. NetLurker no muestra números inventados.	TrafficStats wird auf diesem Gerät nicht unterstützt; es gibt keine Zähler pro Anwendung. NetLurker zeigt keine erfundenen Zahlen.	TrafficStats n'est pas pris en charge sur cet appareil : aucun compteur par application. NetLurker n'affiche aucun nombre inventé.	この端末はTrafficStats非対応のためアプリ別カウンタは利用できません。NetLurkerは数値を捏造しません。	此设备不支持 TrafficStats，因此无法获取按应用计数。NetLurker 不显示编造的数字。	O TrafficStats não é suportado neste dispositivo, pelo que não há contadores por aplicação. O NetLurker não mostra números inventados.
value.no	no	hayır	no	nein	non	いいえ	否	não
value.yes	yes	evet	sí	ja	oui	はい	是	sim
verdict.findings	{count} findings	{count} bulgu	{count} hallazgos	{count} Befunde	{count} constats	所見 {count} 件	{count} 项发现	{count} achados
verdict.no_findings	No finding from the collected evidence	Toplanan kanıtlardan bulgu çıkmadı	Sin hallazgos en la evidencia recopilada	Kein Befund aus den gesammelten Belegen	Aucun constat sur les preuves recueillies	収集した証拠からの所見なし	已收集证据无发现	Sem achados nas evidências
wifi.ssid.hidden	hidden by Android	Android tarafından gizlendi	oculto por Android	von Android verborgen	masqué par Android	Androidにより非表示	被 Android 隐藏	oculto pelo Android
wifi.unavailable	No Wi-Fi service on this device.	Bu cihazda Wi-Fi hizmeti yok.	Este dispositivo no tiene servicio Wi-Fi.	Dieses Gerät hat keinen WLAN-Dienst.	Cet appareil n'a pas de service Wi-Fi.	この端末にWi-Fiサービスはありません。	此设备没有 Wi-Fi 服务。	Este dispositivo não tem serviço Wi-Fi.
signal.excellent	excellent	mükemmel	excelente	ausgezeichnet	excellent	非常に良い	极佳	excelente
signal.good	good	iyi	bueno	gut	bon	良い	良好	bom
signal.fair	fair	orta	regular	akzeptabel	correct	普通	一般	razoável
signal.weak	weak	zayıf	débil	schwach	faible	弱い	较弱	fraco
signal.very_weak	very weak	çok zayıf	muy débil	sehr schwach	très faible	非常に弱い	很弱	muito fraco
notif_channel_name	Network anomalies	Ağ anomalileri	Anomalías de red	Netzwerkanomalien	Anomalies réseau	ネットワーク異常	网络异常	Anomalias de rede
notif_channel_description	Raised when an application moves far above its measured baseline.	Bir uygulama ölçülen taban çizgisinin çok üzerine çıktığında gösterilir.	Se muestra cuando una aplicación supera mucho su línea base medida.	Erscheint, wenn eine Anwendung weit über ihrer gemessenen Basislinie liegt.	Émise lorsqu'une application dépasse largement sa référence mesurée.	アプリが測定済みベースラインを大きく超えた際に通知します。	当某应用远超其测得基线时提醒。	Emitida quando uma aplicação excede muito a sua linha base medida.
notif_anomaly_title	Traffic anomaly	Trafik anomalisi	Anomalía de tráfico	Datenverkehrsanomalie	Anomalie de trafic	通信異常	流量异常	Anomalia de tráfego
notif_anomaly_body	{subject} is at {current} against a baseline of {baseline} (+{percent}%).	{subject} uygulaması {baseline} taban çizgisine karşı {current} ({percent}% artış).	{subject} está en {current} frente a una línea base de {baseline} (+{percent}%).	{subject} liegt bei {current} gegenüber einer Basislinie von {baseline} (+{percent}%).	{subject} atteint {current} pour une référence de {baseline} (+{percent}%).	{subject} はベースライン {baseline} に対し {current}（+{percent}%）。	{subject} 当前 {current}，基线 {baseline}（+{percent}%）。	{subject} está em {current} contra uma linha base de {baseline} (+{percent}%).
risk.port_suspicious	{arg0} — {arg1}	{arg0} — {arg1}	{arg0} — {arg1}	{arg0} — {arg1}	{arg0} — {arg1}	{arg0} — {arg1}	{arg0} — {arg1}	{arg0} — {arg1}
risk.port_unknown_service	{arg0} is not a known service port (T1571)	{arg0} bilinen bir servis portu değil (T1571)	{arg0} no es un puerto de servicio conocido (T1571)	{arg0} ist kein bekannter Dienst-Port (T1571)	{arg0} n'est pas un port de service connu (T1571)	{arg0} は既知のサービスポートではありません (T1571)	{arg0} 不是已知服务端口（T1571）	{arg0} não é uma porta de serviço conhecida (T1571)
risk.port_rare_privileged	{arg0} is a rarely used privileged port (T1571)	{arg0} nadiren kullanılan ayrıcalıklı bir port (T1571)	{arg0} es un puerto privilegiado de uso raro (T1571)	{arg0} ist ein selten genutzter privilegierter Port (T1571)	{arg0} est un port privilégié rarement utilisé (T1571)	{arg0} は稀にしか使われない特権ポートです (T1571)	{arg0} 是少见的特权端口（T1571）	{arg0} é uma porta privilegiada raramente usada (T1571)
risk.proxy_or_vpn	Destination is flagged as a proxy, VPN or Tor exit node (T1090)	Hedef proxy, VPN veya Tor çıkış düğümü olarak işaretli (T1090)	El destino está marcado como proxy, VPN o nodo de salida Tor (T1090)	Das Ziel ist als Proxy, VPN oder Tor-Exit gekennzeichnet (T1090)	La destination est signalée comme proxy, VPN ou nœud de sortie Tor (T1090)	接続先はプロキシ/VPN/Tor出口として検出されました (T1090)	目标被标记为代理、VPN 或 Tor 出口节点（T1090）	O destino está marcado como proxy, VPN ou nó de saída Tor (T1090)
risk.tor_exit	Destination flagged as a Tor exit node	Hedef Tor çıkış düğümü olarak işaretli	Destino marcado como nodo de salida Tor	Ziel als Tor-Exit-Node gekennzeichnet	Destination signalée comme nœud de sortie Tor	Tor出口ノードとして検出	目标被标记为 Tor 出口节点	Destino marcado como nó de saída Tor
risk.datacenter_no_rdns	Datacenter IP without reverse DNS	Ters DNS kaydı olmayan veri merkezi IP'si	IP de centro de datos sin DNS inverso	Rechenzentrums-IP ohne Reverse-DNS	IP de centre de données sans DNS inverse	逆引きDNSのないデータセンターIP	无反向 DNS 的数据中心 IP	IP de centro de dados sem DNS reverso
risk.abuse_score_high	AbuseIPDB abuse score {arg0}/100 with {arg1} reports	AbuseIPDB kötüye kullanım puanı {arg0}/100, {arg1} şikayet	Puntuación de abuso {arg0}/100 con {arg1} reportes	AbuseIPDB-Wert {arg0}/100 mit {arg1} Meldungen	Score d'abus AbuseIPDB {arg0}/100 avec {arg1} signalements	AbuseIPDB悪用スコア {arg0}/100、報告 {arg1} 件	AbuseIPDB 滥用评分 {arg0}/100，{arg1} 次举报	Pontuação de abuso {arg0}/100 com {arg1} relatórios
risk.abuse_score_medium	AbuseIPDB abuse score {arg0}/100	AbuseIPDB kötüye kullanım puanı {arg0}/100	Puntuación de abuso {arg0}/100	AbuseIPDB-Wert {arg0}/100	Score d'abus AbuseIPDB {arg0}/100	AbuseIPDB悪用スコア {arg0}/100	AbuseIPDB 滥用评分 {arg0}/100	Pontuação de abuso {arg0}/100
risk.abuse_score_low	AbuseIPDB low-to-medium abuse score ({arg0}/100)	AbuseIPDB düşük-orta kötüye kullanım puanı ({arg0}/100)	Puntuación de abuso baja-media ({arg0}/100)	Niedriger bis mittlerer AbuseIPDB-Wert ({arg0}/100)	Score d'abus faible à moyen ({arg0}/100)	AbuseIPDB悪用スコアは低〜中 ({arg0}/100)	AbuseIPDB 滥用评分较低（{arg0}/100）	Pontuação de abuso baixa a média ({arg0}/100)
risk.dnsbl_listed	Listed on DNS blacklists: {arg0}	DNS kara listelerinde kayıtlı: {arg0}	Incluido en listas negras DNS: {arg0}	Auf DNS-Blacklists geführt: {arg0}	Inscrit sur les listes noires DNS : {arg0}	DNSブラックリストに掲載: {arg0}	列于 DNS 黑名单：{arg0}	Consta em listas negras DNS: {arg0}
risk.passive_dns_many	{arg0} passive DNS records for this address	Bu adres için {arg0} pasif DNS kaydı	{arg0} registros de DNS pasivo para esta dirección	{arg0} passive DNS-Einträge für diese Adresse	{arg0} enregistrements DNS passifs pour cette adresse	このアドレスのパッシブDNS記録 {arg0} 件	该地址有 {arg0} 条被动 DNS 记录	{arg0} registos de DNS passivo para este endereço
risk.cert_self_signed_datacenter	Self-signed certificate on a datacenter IP — no public CA	Veri merkezi IP'sinde kendinden imzalı sertifika — kamuya açık CA yok	Certificado autofirmado en IP de centro de datos, sin CA pública	Selbstsigniertes Zertifikat auf einer Rechenzentrums-IP — keine öffentliche CA	Certificat auto-signé sur une IP de centre de données — aucune AC publique	データセンターIPで自己署名証明書 — 公的CAなし	数据中心 IP 上的自签名证书——无公共 CA	Certificado autoassinado num IP de centro de dados — sem AC pública
risk.cert_self_signed	The remote server uses a self-signed certificate	Uzak sunucu kendinden imzalı sertifika kullanıyor	El servidor remoto usa un certificado autofirmado	Der entfernte Server verwendet ein selbstsigniertes Zertifikat	Le serveur distant utilise un certificat auto-signé	リモートサーバは自己署名証明書を使用	远端服务器使用自签名证书	O servidor remoto usa um certificado autoassinado
risk.cert_expired	The remote server's TLS certificate has expired	Uzak sunucunun TLS sertifikasının süresi dolmuş	El certificado TLS del servidor remoto ha expirado	Das TLS-Zertifikat des Servers ist abgelaufen	Le certificat TLS du serveur distant a expiré	リモートサーバのTLS証明書は失効	远端服务器的 TLS 证书已过期	O certificado TLS do servidor remoto expirou
risk.cert_not_yet_valid	The remote server's TLS certificate is not yet valid	Uzak sunucunun TLS sertifikası henüz geçerli değil	El certificado TLS del servidor remoto aún no es válido	Das TLS-Zertifikat des Servers ist noch nicht gültig	Le certificat TLS du serveur distant n'est pas encore valide	リモートサーバのTLS証明書はまだ有効でない	远端服务器的 TLS 证书尚未生效	O certificado TLS do servidor remoto ainda não é válido
risk.cert_name_mismatch	The reverse DNS name does not match the certificate name	Ters DNS adı sertifika adıyla eşleşmiyor	El nombre del DNS inverso no coincide con el del certificado	Der Reverse-DNS-Name passt nicht zum Zertifikatsnamen	Le nom du DNS inverse ne correspond pas au nom du certificat	逆引きDNS名が証明書名と一致しない	反向 DNS 名称与证书名称不匹配	O nome do DNS reverso não corresponde ao nome do certificado
risk.vt_malicious_high	VirusTotal: {arg0}/{arg1} engines flagged this address as malicious	VirusTotal: {arg0}/{arg1} motor bu adresi kötü amaçlı işaretledi	VirusTotal: {arg0}/{arg1} motores marcaron esta dirección como maliciosa	VirusTotal: {arg0}/{arg1} Engines stufen die Adresse als bösartig ein	VirusTotal : {arg0}/{arg1} moteurs signalent cette adresse comme malveillante	VirusTotal: {arg0}/{arg1} エンジンが悪意ありと判定	VirusTotal：{arg0}/{arg1} 个引擎判定为恶意	VirusTotal: {arg0}/{arg1} motores marcaram este endereço como malicioso
risk.vt_malicious_low	VirusTotal: {arg0}/{arg1} engines flagged this address as malicious	VirusTotal: {arg0}/{arg1} motor bu adresi kötü amaçlı işaretledi	VirusTotal: {arg0}/{arg1} motores marcaron esta dirección como maliciosa	VirusTotal: {arg0}/{arg1} Engines stufen die Adresse als bösartig ein	VirusTotal : {arg0}/{arg1} moteurs signalent cette adresse comme malveillante	VirusTotal: {arg0}/{arg1} エンジンが悪意ありと判定	VirusTotal：{arg0}/{arg1} 个引擎判定为恶意	VirusTotal: {arg0}/{arg1} motores marcaram este endereço como malicioso
risk.vt_suspicious	VirusTotal: {arg0} engines flagged this address as suspicious	VirusTotal: {arg0} motor bu adresi şüpheli işaretledi	VirusTotal: {arg0} motores marcaron esta dirección como sospechosa	VirusTotal: {arg0} Engines stufen die Adresse als verdächtig ein	VirusTotal : {arg0} moteurs signalent cette adresse comme suspecte	VirusTotal: {arg0} エンジンが不審と判定	VirusTotal：{arg0} 个引擎判定为可疑	VirusTotal: {arg0} motores marcaram este endereço como suspeito
risk.banner_eol	Server software is end-of-life: {arg0}	Sunucu yazılımı desteklenmiyor: {arg0}	El software del servidor está obsoleto: {arg0}	Die Server-Software wird nicht mehr unterstützt: {arg0}	Le logiciel serveur est en fin de vie : {arg0}	サーバソフトウェアはサポート終了: {arg0}	服务器软件已停止支持：{arg0}	O software do servidor está em fim de vida: {arg0}
risk.registration_young	The address block was registered only {arg0} days ago	Adres bloğu yalnızca {arg0} gün önce kaydedilmiş	El bloque se registró hace solo {arg0} días	Der Adressbereich wurde erst vor {arg0} Tagen registriert	Le bloc n'a été enregistré qu'il y a {arg0} jours	アドレスブロックは {arg0} 日前に登録	该地址块仅在 {arg0} 天前注册	O bloco foi registado há apenas {arg0} dias
risk.app_traffic_anomaly	{arg0} is moving {arg1}, {arg2} above its measured baseline	{arg0} uygulaması {arg1} taşıyor; ölçülen taban çizgisinin {arg2} üzerinde	{arg0} mueve {arg1}, un {arg2} por encima de su línea base medida	{arg0} bewegt {arg1}, {arg2} über der gemessenen Basislinie	{arg0} déplace {arg1}, soit {arg2} au-dessus de sa référence mesurée	{arg0} は {arg1} を通信しており、測定ベースラインを {arg2} 超過	{arg0} 正在传输 {arg1}，超出测得基线 {arg2}	{arg0} move {arg1}, {arg2} acima da sua linha base medida
risk.mit_private_network	Private address — the score is reduced	Yerel adres — puan düşürüldü	Dirección privada — se reduce la puntuación	Private Adresse — die Bewertung wurde gesenkt	Adresse privée — le score est réduit	プライベートアドレス — スコアを減点	私有地址——已降低评分	Endereço privado — a pontuação foi reduzida
risk.mit_common_web_port	Standard web port {arg0}	Standart web portu {arg0}	Puerto web estándar {arg0}	Standard-Webport {arg0}	Port web standard {arg0}	標準的なWebポート {arg0}	标准 Web 端口 {arg0}	Porta web padrão {arg0}
risk.mit_rdap_known_org	Owned by {arg0}	{arg0} kuruluşuna ait	Propiedad de {arg0}	Gehört {arg0}	Appartient à {arg0}	{arg0} が所有	由 {arg0} 持有	Pertence a {arg0}
risk.mit_clean_all_sources	{arg0} sources answered with no adverse finding	{arg0} kaynak olumsuz bulgu olmadan yanıt verdi	{arg0} fuentes respondieron sin hallazgos adversos	{arg0} Quellen antworteten ohne Befund	{arg0} sources ont répondu sans élément défavorable	{arg0} 件の情報源が有害所見なしで応答	{arg0} 个来源应答且无不利发现	{arg0} fontes responderam sem achados adversos
risk.mit_evidence_incomplete	Still querying: {arg0}	Hâlâ sorgulanıyor: {arg0}	Aún consultando: {arg0}	Noch laufend: {arg0}	Requête en cours : {arg0}	照会中: {arg0}	仍在查询：{arg0}	Ainda a consultar: {arg0}
risk.level.safe	SAFE	GÜVENLİ	SEGURO	SICHER	SÛR	安全	安全	SEGURO
risk.level.info	INFO	BİLGİ	INFO	INFO	INFO	情報	信息	INFO
risk.level.warn	SUSPICIOUS	ŞÜPHELİ	SOSPECHOSO	VERDÄCHTIG	SUSPECT	不審	可疑	SUSPEITO
risk.level.danger	CRITICAL	KRİTİK	CRÍTICO	KRITIS	CRITIQUE	危険	危险	CRÍTICO
geo.status.idle	not queried	henüz sorgulanmadı	sin consultar	nicht abgefragt	pas interrogé	未照会	未查询	não consultado
geo.status.pending	querying…	sorgulanıyor…	consultando…	Abfrage läuft…	requête en cours…	照会中…	正在查询…	a consultar…
geo.status.ok	ok	tamam	ok	ok	ok	OK	正常	ok
geo.status.failed	lookup failed	sorgu başarısız	consulta fallida	Abfrage fehlgeschlagen	échec	照会失敗	查询失败	falhou
geo.status.offline	offline	çevrimdışı	sin conexión	offline	hors ligne	オフライン	离线	sem ligação
geo.status.disabled	turned off	kapalı	desactivado	deaktiviert	désactivé	オフ	已关闭	desativado
geo.status.unavailable	not applicable	geçerli değil	no aplicable	nicht zutreffend	non applicable	対象外	不适用	não aplicável
kpi.session_down	Session download	Oturum indirmesi	Descarga de la sesión	Sitzungs-Download	Téléchargement de la session	セッション受信	会话下载	Download da sessão
kpi.session_up	Session upload	Oturum yüklemesi	Subida de la sesión	Sitzungs-Upload	Envoi de la session	セッション送信	会话上传	Upload da sessão
source.rdns	rDNS	ters DNS	DNS inv.	Reverse-DNS	DNS inv.	逆引き	反向DNS	DNS rev.
source.geo	geo	konum	geo	Geo	géo	地理	地理	geo
source.threat	threat	tehdit	amenazas	Threat	menaces	脅威	威胁	ameaças
source.cert	TLS	TLS	TLS	TLS	TLS	TLS	TLS	TLS
source.banner	HTTP	HTTP	HTTP	HTTP	HTTP	HTTP	HTTP	HTTP
